page,person_or_pin,claim,citation_on_page,provenance,how_i_know,flag
"index.html","kevin","MARRIED 237 METRES FROM HIS GREAT-GREAT-GREAT-GRANDFATHER'S DOOR","St. Vincent de Paul church, 3051 Dauphine Street — now Blessed Francis Xavier Seelos. Distance measured between the geocoded church and the Larmann house on Dauphine; see the map.","E derived measurement","computed from geocoded coordinates",""
"index.html","buddy","HOLY TRINITY SCHOOL — and the German grandmother he did not have","Family testimony (Kevin Pedeaux, August 2026). Parish and school history: Holy Trinity Parish, founded 1847 for the German Catholics below Canal Street; school opened 1871 under Benedictine sisters, free parochial school from 1910; church closed 1997, deconsecrated, now the Marigny Opera House.","B transcription supplied by Kevin or family papers","told to me, or scans Kevin provided",""
"index.html","buddy","Where he grew up, and where he married","Family testimony (Kevin Pedeaux, August 2026), with the 1934 City of New Orleans tax bill on John Brunetti's page for the Mazant property","B transcription supplied by Kevin or family papers","told to me, or scans Kevin provided",""
"index.html","buddy","The cemetery register, in the archdiocese's own hand","[UNVERIFIED — not re-checked in the August 2026 audit; see the claims ledger] Archdiocese of New Orleans, Catholic Cemeteries burial register — profile 36915129, plot L3 SQ 5E / G ST. LOUIS AVENUE / 9. Searched 12 August 2026.","H UNVERIFIED","no source I personally opened","FLAG"
"index.html","herbertJoseph","AN ELECTRICIAN, LIKE HIS FATHER — the 1950 census household","United States Census, 1950 — New Orleans, Orleans Parish, ED 36-458, sheet 6, lines 26–28 (NARA T628); house number 1638, dwelling unit 53","F archival reference, inherited","real archive ref; I did NOT open it","FLAG"
"index.html","herbertJoseph","Louisiana birth record","[UNVERIFIED — not re-checked in the August 2026 audit; see the claims ledger] Orleans Parish, 10 July 1921 — Vol. 175, p. 791","H UNVERIFIED","no source I personally opened","FLAG"
"index.html","herbertJoseph","Louisiana marriage record","[UNVERIFIED — not re-checked in the August 2026 audit; see the claims ledger] Orleans Parish, April 1943 — Vol. 58, p. 1681","H UNVERIFIED","no source I personally opened","FLAG"
"index.html","herbertJoseph","Army enlistment — 30 October 1945, New Orleans","Electronic Army Serial Number Merged File, 1938–1946 — serial number 18153029","F archival reference, inherited","real archive ref; I did NOT open it","FLAG"
"index.html","herbertJoseph","OCCUPATION FIELD: ELECTRICIAN for a construction company — read off the 1950 census, where he had worked forty weeks the year before.","(this field carries no citation)","Z general knowledge","asserted without its own citation","FLAG"
"index.html","veronicaBrunetti","Louisiana birth record","[UNVERIFIED — not re-checked in the August 2026 audit; see the claims ledger] Orleans Parish, 20 November 1923 — Vol. 181, p. 2241","H UNVERIFIED","no source I personally opened","FLAG"
"index.html","veronicaBrunetti","Her burial — and a question in the same plot","[UNVERIFIED — not re-checked in the August 2026 audit; see the claims ledger] Archdiocese of New Orleans, Catholic Cemeteries burial register — St. Louis No. 3, plot L3 SQ 5E / G ST. LOUIS AVENUE / 9, profile 36915128. Searched 12 August 2026.","H UNVERIFIED","no source I personally opened","FLAG"
"index.html","numaSr","FOUR ELECTRICIANS, TWO FAMILIES, AND THE SAME UNION LOCAL BEFORE THE WEDDING","Soards' New Orleans City Directory, 1910 and 1912 (Numa Sr.). United States Census, 1950 — New Orleans, ED 36-458, sheet 6, lines 26–28 (Herbert Joseph). Obituary of Numa Louis Pedeaux Jr., Find a Grave memorial 137366059. John Richard Larmann Sr.'s trade from his 2018 obituary and family record.","D fetched online source","named index/site reached this session",""
"index.html","numaSr","AN ELECTRICIAN AT TWENTY-FOUR — and already on West End Boulevard","Soards' New Orleans City Directory, 1912, p. 871; with the 1910 volume, p. 882","D fetched online source","named index/site reached this session",""
"index.html","numaSr","HIS OWN HAND — the 1942 draft card, with his address, his telephone and his employer","[UNVERIFIED — not re-checked in the August 2026 audit; see the claims ledger] United States, World War II Draft Registration Cards, 1942 — Fourth Registration, State of Louisiana; serial number U-1108, D.S.S. Form 1 (revised 4-1-42), signed by the registrant.","A document image in this repo","assets/img/pedeaux-1942-draft-card.jpg",""
"index.html","numaSr","Louisiana marriage record","[UNVERIFIED — not re-checked in the August 2026 audit; see the claims ledger] Orleans Parish, July 1917 — Vol. 39, p. 1008","H UNVERIFIED","no source I personally opened","FLAG"
"index.html","numaSr","1900 U.S. Census, Lafourche Parish","[UNVERIFIED — not re-checked in the August 2026 audit; see the claims ledger] Household of Numa Pedaux (b. 1848) and wife Ulali (b. 1849)","H UNVERIFIED","no source I personally opened","FLAG"
"index.html","numaSr","OCCUPATION FIELD: ELECTRICIAN — for W. H. Neville at 931 Canal Street in 1912, and for Maritime Electric Co. at 615 Commerce Place in 1942. Thirty years in th","(this field carries no citation)","Z general knowledge","asserted without its own citation","FLAG"
"index.html","pierreNuma","Baptism — Church of the Assumption, Plattenville","[UNVERIFIED — not re-checked in the August 2026 audit; see the claims ledger] Diocese of Baton Rouge, Vol. 7 (1848–1852), ASM-9, 290","H UNVERIFIED","no source I personally opened","FLAG"
"index.html","pierreNuma","Marriage — St. Philomena, Labadieville","[UNVERIFIED — not re-checked in the August 2026 audit; see the claims ledger] Diocese of Baton Rouge, Vol. 12 (1871–1873), SPH-4, 367","H UNVERIFIED","no source I personally opened","FLAG"
"index.html","eulalieBorne","THE BORNES WERE FRENCH, NOT GERMAN — despite the German Coast","Albert J. Robichaux Jr., German Coast Families (1997), as abstracted on WikiTree and corroborated at the Pitre Trail genealogy","G published work, inherited","named book/journal; I did NOT open it","FLAG"
"index.html","antoineFlorentin","Baptism — Church of the Assumption, Plattenville","[UNVERIFIED — not re-checked in the August 2026 audit; see the claims ledger] Diocese of Baton Rouge, Vol. 3 (1804–1818), ASM-6, 288","H UNVERIFIED","no source I personally opened","FLAG"
"index.html","antoineFlorentin","Burial","[UNVERIFIED — not re-checked in the August 2026 audit; see the claims ledger] Diocese of Baton Rouge, Vol. 9 (1858–1862), ASM-10, 168","H UNVERIFIED","no source I personally opened","FLAG"
"index.html","marieCancienne","Burial","[UNVERIFIED — not re-checked in the August 2026 audit; see the claims ledger] Diocese of Baton Rouge, Vol. 9 (1858–1862), ASM-10, 190","H UNVERIFIED","no source I personally opened","FLAG"
"index.html","michelPedeau","Marriage — Church of the Assumption, Plattenville","[UNVERIFIED — not re-checked in the August 2026 audit; see the claims ledger] Diocese of Baton Rouge, Vol. 3 (1804–1818), ASM-2, 127","H UNVERIFIED","no source I personally opened","FLAG"
"index.html","michelPedeau","The 1810 census — his only census","Assumption Parish, Territory of Orleans, 1810 — NARA M252, p. 30, indexed as ""Michel Peddoe""","F archival reference, inherited","real archive ref; I did NOT open it","FLAG"
"index.html","michelPedeauPere","Baptism of his son Michel André — Nantes, paroisse Saint-Nicolas","AD Loire-Atlantique 3 E 109/154, view 69 of 299 (7 April 1765)","F archival reference, inherited","real archive ref; I did NOT open it","FLAG"
"index.html","michelPedeauPere","Death — Nantes table décennale des décès, 1793–an X","[UNVERIFIED — not re-checked in the August 2026 audit; see the claims ledger] Archives municipales de Nantes, 1E 1675, view 185 of 359, page 1234","H UNVERIFIED","no source I personally opened","FLAG"
"index.html","michelPedeauPere","OCCUPATION FIELD: Charpentier et calfat de marine — ship's carpenter and caulker, port of Nantes","(this field carries no citation)","Z general knowledge","asserted without its own citation","FLAG"
"index.html","pierrePedeauFarinier","First marriage — Sainte-Croix, Machecoul","10 November 1705, to Jeanne Garnier — act imaged at the AD Loire-Atlantique","F archival reference, inherited","real archive ref; I did NOT open it","FLAG"
"index.html","pierrePedeauFarinier","Second marriage — Sainte-Croix, Machecoul","10 January 1729, to Anne Béty (Bethuis) — act imaged at the AD Loire-Atlantique","F archival reference, inherited","real archive ref; I did NOT open it","FLAG"
"index.html","pierrePedeauFarinier","OCCUPATION FIELD: Farinier — flour miller, probably at the Moulin de la Marche, Sainte-Pazanne","(this field carries no citation)","Z general knowledge","asserted without its own citation","FLAG"
"index.html","florenceAucoin","Baptism — Saint-Énogat, Diocese of Saint-Malo","AD Ille-et-Vilaine, 10 NUM 35093 86 — Dinard-Saint-Énogat, Baptêmes/Mariages 1780, view 8","F archival reference, inherited","real archive ref; I did NOT open it","FLAG"
"index.html","florenceAucoin","Passenger list — La Ville d'Archangel, 1785","[UNVERIFIED — not re-checked in the August 2026 audit; see the claims ledger] Entry 21 of 55 family groups; arrived New Orleans 3 December 1785","H UNVERIFIED","no source I personally opened","FLAG"
"index.html","florenceAucoin","Burial","[UNVERIFIED — not re-checked in the August 2026 audit; see the claims ledger] Diocese of Baton Rouge, Vol. 7 (1848–1852), ASM-10, 120","H UNVERIFIED","no source I personally opened","FLAG"
"index.html","michelAucoin","Passenger list — La Ville d'Archangel, 1785, entry 21","[UNVERIFIED — not re-checked in the August 2026 audit; see the claims ledger] Rev. Donald J. Hébert, Acadian Families in Exile 1785, p. 93","H UNVERIFIED","no source I personally opened","FLAG"
"index.html","michelAucoin","The voyage","Sixth of the Seven Ships — Steven A. Cormier, Acadians in Gray, appendix","G published work, inherited","named book/journal; I did NOT open it","FLAG"
"index.html","alphonseJr","HE HELD PATENTS — and that is why his daughter was born at Thibodaux","Specifications and Drawings of Patents Issued from the United States Patent Office, 1896; Annual Report of the Commissioner of Patents, 1897; The Sugar Cane (1896); Water and Gas Review (1899); Official Gazette of the U.S. Patent Office (1910); The Louisiana Planter and Sugar Manufacturer, 1897, 1905 and 1907; English Mechanic and Mirror of Science, 1897","D fetched online source","named index/site reached this session",""
"index.html","alphonseJr","Louisiana marriage record","[UNVERIFIED — not re-checked in the August 2026 audit; see the claims ledger] Orleans Parish, February 1888 — Vol. 13, p. 255","H UNVERIFIED","no source I personally opened","FLAG"
"index.html","alphonseJr","Louisiana death record","[UNVERIFIED — not re-checked in the August 2026 audit; see the claims ledger] Orleans Parish, 19 March 1919 — Vol. 176, p. 115","H UNVERIFIED","no source I personally opened","FLAG"
"index.html","alphonseJr","OCCUPATION FIELD: ENGINEER AND INVENTOR — sugar-house machinery. Held at least five United States patents between 1895 and 1910.","(this field carries no citation)","Z general knowledge","asserted without its own citation","FLAG"
"index.html","jeanneCurien","Louisiana death record","[UNVERIFIED — not re-checked in the August 2026 audit; see the claims ledger] Orleans Parish, 12 January 1919 — Vol. 175, p. 218","H UNVERIFIED","no source I personally opened","FLAG"
"index.html","alphonseSr","Baptism — St. Michael, Convent (St. James Parish)","[UNVERIFIED — not re-checked in the August 2026 audit; see the claims ledger] Diocese of Baton Rouge, Vol. 4 (1820–1829), SMI-3, 164","H UNVERIFIED","no source I personally opened","FLAG"
"index.html","alphonseSr","Louisiana death record","[UNVERIFIED — not re-checked in the August 2026 audit; see the claims ledger] Orleans Parish, 20 July 1884 — Vol. 85, p. 616","H UNVERIFIED","no source I personally opened","FLAG"
"index.html","alphonseSr","OCCUPATION FIELD: Farmer, later farm overseer — 4th ward, Jefferson Parish","(this field carries no citation)","Z general knowledge","asserted without its own citation","FLAG"
"index.html","josephGervais","HIS PLACE, FOUND — the east bank of the river, next door to Golden Grove","P. A. Champomier, Statement of the Sugar Crop Made in Louisiana in 1845-6, p. 10 (Internet Archive, ldpd_6413611_000); the 1844 statement; Lillian Bourgeois, Cabanocey; Cohen's New Orleans Directory, 1855, planters' section","G published work, inherited","named book/journal; I did NOT open it","FLAG"
"index.html","josephGervais","Baptism — St. James Parish","[UNVERIFIED — not re-checked in the August 2026 audit; see the claims ledger] Diocese of Baton Rouge, Vol. 2 (1770–1803), SJA-3, 157","H UNVERIFIED","no source I personally opened","FLAG"
"index.html","josephGervais","Marriage — St. Michael, Convent","[UNVERIFIED — not re-checked in the August 2026 audit; see the claims ledger] Diocese of Baton Rouge, Vol. 4 (1820–1829), SMI-2, 77","H UNVERIFIED","no source I personally opened","FLAG"
"index.html","josephGervais","Militia roll — War of 1812","[UNVERIFIED — not re-checked in the August 2026 audit; see the claims ledger] Louisiana Soldiers in the War of 1812 (compiled state militia rosters)","H UNVERIFIED","no source I personally opened","FLAG"
"index.html","josephGervais","Burial — St. Michael, Convent","[UNVERIFIED — not re-checked in the August 2026 audit; see the claims ledger] Diocese of Baton Rouge, Vol. 8 (1853–1857), SMI-4, 236","H UNVERIFIED","no source I personally opened","FLAG"
"index.html","josephGervais","OCCUPATION FIELD: Sugar planter, St. James Parish, east bank — 115 hogsheads in 1845. His War of 1812 service is UNVERIFIED; see the record below.","(this field carries no citation)","Y already flagged on page","asserted without its own citation","FLAG"
"index.html","francoisGaiennie","⚠️ THE WAR OF 1812 CLAIM IS WITHDRAWN — there are two François Gaiennies and this page had the wrong one","Louisiana Historical Association, Dictionary of Louisiana Biography, entry ""GAINNIE, François""; Arsène Lacarrière Latour, Historical Memoir of the War in West Florida and Louisiana in 1814-15 (1816), pp. 125 and 141","D fetched online source","named index/site reached this session",""
"index.html","francoisGaiennie","THE STREET — Gaiennie Street, New Orleans","John Kendall, History of New Orleans (Lewis Publishing Co., Chicago & New York, 1922), Chapter XLII ""Streets, Parks, Squares,"" p. 675","G published work, inherited","named book/journal; I did NOT open it","FLAG"
"index.html","francoisGaiennie","Marriage — St. James Parish","[UNVERIFIED — not re-checked in the August 2026 audit; see the claims ledger] Diocese of Baton Rouge, Vol. 2 (1770–1803), SJA-2, 19","H UNVERIFIED","no source I personally opened","FLAG"
"index.html","francoisGaiennie","Militia roll — War of 1812","[UNVERIFIED — not re-checked in the August 2026 audit; see the claims ledger] Louisiana Soldiers in the War of 1812 (compiled state militia rosters)","H UNVERIFIED","no source I personally opened","FLAG"
"index.html","francoisGaiennie","OCCUPATION FIELD: ⚠️ WAR OF 1812 SERVICE — WITHDRAWN PENDING PROOF. See the record below: the 4th Regiment man was very likely his nephew, not him.","(this field carries no citation)","Y already flagged on page","asserted without its own citation","FLAG"
"index.html","julienGagnier","Named in his son Urbain's marriage record","[UNVERIFIED — not re-checked in the August 2026 audit; see the claims ledger] St. Louis Cathedral, 19 March 1789 — SLC, M5, 62 (SRANO Vol. 4)","H UNVERIFIED","no source I personally opened","FLAG"
"index.html","julienGagnier","Named in his grandson Gervais's baptism","[UNVERIFIED — not re-checked in the August 2026 audit; see the claims ledger] St. James Parish, 6 September 1797 — SJA-3, 157 (Diocese of Baton Rouge Vol. 2)","H UNVERIFIED","no source I personally opened","FLAG"
"index.html","nicolasSardet","Marriage — St. Louis church, New Orleans","[UNVERIFIED — not re-checked in the August 2026 audit; see the claims ledger] 20 January 1767 — SLC, M2, 25 (SRANO Vol. 2)","H UNVERIFIED","no source I personally opened","FLAG"
"index.html","nicolasSardet","Daughter Eulalie's baptism, naming his trade","[UNVERIFIED — not re-checked in the August 2026 audit; see the claims ledger] 16 January 1774 — SLC, B7, 35 (SRANO Vol. 3)","H UNVERIFIED","no source I personally opened","FLAG"
"index.html","nicolasSardet","OCCUPATION FIELD: Master cooper","(this field carries no citation)","Z general knowledge","asserted without its own citation","FLAG"
"index.html","margueriteReyne","Baptism — St. Louis church, New Orleans","[UNVERIFIED — not re-checked in the August 2026 audit; see the claims ledger] 6 November 1752 — SLC, B2, 269 (SRANO Vol. 2)","H UNVERIFIED","no source I personally opened","FLAG"
"index.html","margueriteReyne","Remarriage, naming her parents — read in the register itself","[UNVERIFIED — not re-checked in the August 2026 audit; see the claims ledger] St. Louis Cathedral, New Orleans — Marriages 1784–1806, entry 2 of May 1784 (SLC, M5, 27; SRANO Vol. 4). Digitized register published free by the Archdiocese of New Orleans, Office of Archives and Records.","A document image in this repo","assets/img/reyne-1784-marriage.jpg",""
"index.html","etienneReyne","The earliest trace of him — a godmother's line, 16 March 1750","[UNVERIFIED — not re-checked in the August 2026 audit; see the claims ledger] St. Louis church, New Orleans — baptism of Marie Françoise Castel, 16 March 1750 (SLC, B2, 180); SRANO Vol. 1 (1718–1750)","H UNVERIFIED","no source I personally opened","FLAG"
"index.html","etienneReyne","His trade found him his friends — Jean Callier, master mason","St. Louis church, New Orleans — marriage of Joseph Callier, 17 August 1762 (SLC, B4, 71); baptism of Marie Jeanne Reyne, 26 October 1755 (SLC, B3, 48); marriage contract of 25 April 1740 (French Superior Council). SRANO Vols. 1–2.","F archival reference, inherited","real archive ref; I did NOT open it","FLAG"
"index.html","etienneReyne","His children's baptisms — St. Louis church","[UNVERIFIED — not re-checked in the August 2026 audit; see the claims ledger] SLC registers B2–B5, 1752–1766 (SRANO Vol. 2)","H UNVERIFIED","no source I personally opened","FLAG"
"index.html","etienneReyne","OCCUPATION FIELD: Master mason","(this field carries no citation)","Z general knowledge","asserted without its own citation","FLAG"
"index.html","jeanReynaud","Named — with his wife — at his daughter's marriage contract","French Superior Council, New Orleans — Marriage contract, 25 April 1740, Document C 40 (2845), fo. 14 (doc. 1740-04-25-03); Louisiana Historical Quarterly Vol. 10 no. 2, April 1927, p. 278","F archival reference, inherited","real archive ref; I did NOT open it","FLAG"
"index.html","heleneDorigny","Named at her daughter's marriage contract","French Superior Council, New Orleans — Marriage contract, 25 April 1740 (doc. 1740-04-25-03); Louisiana Historical Quarterly Vol. 10 no. 2, April 1927, p. 278","F archival reference, inherited","real archive ref; I did NOT open it","FLAG"
"index.html","francoiseRenard","The first time she appears — as a godmother, 16 March 1750","[UNVERIFIED — not re-checked in the August 2026 audit; see the claims ledger] St. Louis church, New Orleans — baptism of Marie Françoise Castel (SLC, B2, 180); SRANO Vol. 1","H UNVERIFIED","no source I personally opened","FLAG"
"index.html","francoiseRenard","HER PARENTS, AT LAST — the 1740 marriage contract","French Superior Council, New Orleans — Marriage contract, 25 April 1740, three pages, Document C 40 (2845), fo. 14 (doc. 1740-04-25-03); Louisiana Historical Quarterly Vol. 10 no. 2, April 1927, p. 278","A document image in this repo","assets/img/renard-1740-filiation.jpg",""
"index.html","francoiseRenard","Her first husband — Pierre Cousin, and the man who raised her","[UNVERIFIED — not re-checked in the August 2026 audit; see the claims ledger] St. Louis church, New Orleans — baptism of Jean François Cousin, 7 September 1745 (SLC, B2, 49); SRANO Vol. 1. WPA abstract of the 1740 contract, Document C 40 (2845).","A document image in this repo","assets/img/cousin-1740-wpa-card.jpg",""
"index.html","francoiseRenard","The Connards — and how she paid it back","St. Louis church, New Orleans — baptism of Françoise Connard, 30 July 1751 (SLC, B2, 227); SRANO Vol. 2. Connard family entries, SRANO Vols. 1–2; 46 documents under CONNARD in the French Superior Council records, 1735–1791.","F archival reference, inherited","real archive ref; I did NOT open it","FLAG"
"index.html","francoiseRenard","What the Connard household actually looked like","French Superior Council — Petition to sell real estate, 29 January 1735 (#A-35/3; LHQ Vol. 5 no. 2, April 1922, p. 260) · Acknowledgment of debt and mortgage, February 1739 (Document #2541; LHQ Vol. 6 no. 2, April 1923, p. 300) · 46 documents under CONNARD, 1735–1791","F archival reference, inherited","real archive ref; I did NOT open it","FLAG"
"index.html","francoiseRenard","THE COURT NAMES HER OUTRIGHT — twice widowed by 1748","French Superior Council, New Orleans — 3 August 1748, petition (Louisiana Historical Quarterly Vol. 20 no. 1, p. 215); Louisiana Historical Center, doc. 1748-08-03-03","F archival reference, inherited","real archive ref; I did NOT open it","FLAG"
"index.html","francoiseRenard","Her second husband — the marriage contract, 6 September 1747","French Superior Council, New Orleans — Marriage Contract, 6 September 1747, seven pages (doc. 1747-09-06-01; WPA abstract card #30580); published in the Louisiana Historical Quarterly Vol. 18 no. 3, July 1935, p. 721. With the Joly will of 11 March 1748 (doc. 1748-03-11-02).","A document image in this repo","assets/img/renard-1747-marriage-contract.jpg",""
"index.html","elisabethSarde","Baptism — St. Louis church, New Orleans","[UNVERIFIED — not re-checked in the August 2026 audit; see the claims ledger] 16 January 1774 — SLC, B7, 35 (SRANO Vol. 3)","H UNVERIFIED","no source I personally opened","FLAG"
"index.html","elisabethSarde","Marriage — St. James Parish","[UNVERIFIED — not re-checked in the August 2026 audit; see the claims ledger] 10 February 1793 — SJA-2, 19 (Diocese of Baton Rouge Vol. 2)","H UNVERIFIED","no source I personally opened","FLAG"
"index.html","johnBrunetti","HE OWNED THE CORNER — a paid tax bill, Mazant and Derbigny","City of New Orleans, 1934 Real Estate Tax, bill no. 48051, assessment 16-A-11260, district 9-W square 724 — receipted November 1934 by the Deputy Comptroller, Department of Public Finances, Treasury Division. Family papers, photographed by Aaron Pedeaux, August 2026.","A document image in this repo","assets/img/brunetti-1934-tax-bill.jpg",""
"index.html","johnBrunetti","THE TOMB — six people, one plot, and the whole descent in it","Archdiocese of New Orleans, New Orleans Catholic Cemeteries burial register — St. Louis Cemetery No. 3, plot L3 SQ 5E / G ST. LOUIS AVENUE / 9. Searched 12 August 2026 (nolacatholiccem.discovereverafter.com, profiles 36915128–36915133).","D fetched online source","named index/site reached this session",""
"index.html","johnBrunetti","Marriage — the record that names his parents","[UNVERIFIED — not re-checked in the August 2026 audit; see the claims ledger] Louisiana Parish Marriages, Orleans, June 1921 (licence Vol. 46, p. 90; two entries, 15 and 18 June)","H UNVERIFIED","no source I personally opened","FLAG"
"index.html","johnBrunetti","Veterans Administration Master Index, 1917–1940","[UNVERIFIED — not re-checked in the August 2026 audit; see the claims ledger] U.S. Veterans Administration master index card","H UNVERIFIED","no source I personally opened","FLAG"
"index.html","johnBrunetti","WWI draft registration — Chicago","Cook County, Illinois, 1917–18 (NARA RG 163)","F archival reference, inherited","real archive ref; I did NOT open it","FLAG"
"index.html","johnBrunetti","Illinois federal naturalization index","US District Court, Northern District of Illinois — NARA Chicago, RG 21","F archival reference, inherited","real archive ref; I did NOT open it","FLAG"
"index.html","johnBrunetti","1930 U.S. Census, Orleans Parish","[UNVERIFIED — not re-checked in the August 2026 audit; see the claims ledger] Household of John Brunette","H UNVERIFIED","no source I personally opened","FLAG"
"index.html","johnBrunetti","HIS BIRTH ACT — found in the Plataci register, 11 August 2026","Comune di Plataci, Ufficio dello Stato Civile — Atti di Nascita 1893, ATTO N. 36. Tribunale di Castrovillari copy; FamilySearch collection 2043557, film ""Plataci Nati 1874-1910"", image 421 of 2,614.","A document image in this repo","assets/img/brunetti-1893-birth-act.jpg",""
"index.html","johnBrunetti","The name his village would have used","[UNVERIFIED — not re-checked in the August 2026 audit; see the claims ledger] Arbëresh naming custom, from the research binder kept by his granddaughter Patricia Pedeaux Ruda, printed December 2010","H UNVERIFIED","no source I personally opened","FLAG"
"index.html","johnBrunetti","What Plataci was, and still is","[UNVERIFIED — not re-checked in the August 2026 audit; see the claims ledger] Arbëresh background material in the same binder; corroborated by the parish acts quoted in Alicia Bodily's Plataci genealogy","H UNVERIFIED","no source I personally opened","FLAG"
"index.html","michelBrunetti","OCCUPATION FIELD: Recorded as ""civile"" — a man of independent means, not a labourer. By 1893 an assessore of Plataci, and in later years the ordinary assessor","(this field carries no citation)","Z general knowledge","asserted without its own citation","FLAG"
"index.html","veronicaFranovich","Her burial — the first of the six","[UNVERIFIED — not re-checked in the August 2026 audit; see the claims ledger] Archdiocese of New Orleans, Catholic Cemeteries burial register — St. Louis No. 3, plot L3 SQ 5E / G ST. LOUIS AVENUE / 9, profile 36915131. Searched 12 August 2026.","H UNVERIFIED","no source I personally opened","FLAG"
"index.html","veronicaFranovich","In her father's household, aged eight","[UNVERIFIED — not re-checked in the August 2026 audit; see the claims ledger] United States Census, 1910 — Nairn, Plaquemines Parish, Louisiana","H UNVERIFIED","no source I personally opened","FLAG"
"index.html","nicolaFranovich","Named as father on two of his sons' death records","[UNVERIFIED — not re-checked in the August 2026 audit; see the claims ledger] Louisiana, Deaths, 1850–1875, 1894–1960 — Anthony Franovich, 19 July 1911, Buras; and Nicole Franovich, 5 May 1955, Buras","H UNVERIFIED","no source I personally opened","FLAG"
"index.html","nicolaFranovich","His household in the 1880 census","[UNVERIFIED — not re-checked in the August 2026 audit; see the claims ledger] United States Census, 1880 — Plaquemines Parish, Louisiana","H UNVERIFIED","no source I personally opened","FLAG"
"index.html","josephineBuras","Named as mother on two sons' death records","[UNVERIFIED — not re-checked in the August 2026 audit; see the claims ledger] Louisiana, Deaths, 1850–1875, 1894–1960 — Anthony Franovich (1911) and Nicole Franovich (1955), both of Buras","H UNVERIFIED","no source I personally opened","FLAG"
"index.html","josephineBuras","Her own parents and a brother","[UNVERIFIED — not re-checked in the August 2026 audit; see the claims ledger] United States Census, 1900 — Wards 5 and 10, Plaquemines Parish","H UNVERIFIED","no source I personally opened","FLAG"
"index.html","anthonyFranovich","HIS DEATH RECORD — the one that settled where he was born","[UNVERIFIED — not re-checked in the August 2026 audit; see the claims ledger] Louisiana, Deaths, 1850–1875, 1894–1960 — Anthony Franovich, 19 July 1911, Buras, Plaquemines Parish","H UNVERIFIED","no source I personally opened","FLAG"
"index.html","anthonyFranovich","His own household, 1910 — the record that places Veronica","[UNVERIFIED — not re-checked in the August 2026 audit; see the claims ledger] United States Census, 1910 — Nairn, Plaquemines Parish, Louisiana","H UNVERIFIED","no source I personally opened","FLAG"
"index.html","anthonyFranovich","In his father's house, aged seven","[UNVERIFIED — not re-checked in the August 2026 audit; see the claims ledger] United States Census, 1880 — Plaquemines Parish","H UNVERIFIED","no source I personally opened","FLAG"
"index.html","melanieMoizant","Louisiana death index","[UNVERIFIED — not re-checked in the August 2026 audit; see the claims ledger] Orleans Parish, 18 October 1957 — Vol. 0, p. 7108","H UNVERIFIED","no source I personally opened","FLAG"
"index.html","melanieMoizant","Louisiana marriage index — the same record, indexed twice","[UNVERIFIED — not re-checked in the August 2026 audit; see the claims ledger] Orleans Parish, April 1926 — Vol. 50, p. 376","H UNVERIFIED","no source I personally opened","FLAG"
"index.html","alfredMoizant","THE PLOT, CORRECTED — and Victoria is in it","[UNVERIFIED — not re-checked in the August 2026 audit; see the claims ledger] Archdiocese of New Orleans, Catholic Cemeteries burial register — St. Louis Cemetery No. 3, plot L3 SQ 03 / O ALLEY DE LA VIERGE / 11; profiles 36892936 and 36892935. Searched 12 August 2026.","H UNVERIFIED","no source I personally opened","FLAG"
"index.html","alfredMoizant","HIS PARENTS, AND BORDEAUX","[UNVERIFIED — not re-checked in the August 2026 audit; see the claims ledger] Louisiana, Orleans, Death Records and Certificates, 1835–1954 — Alfred L. Moizant, 23 February 1933; with his obituary, New Orleans, 23 February 1933 (GenealogyBank), and his voter registration of 9 December 1931","H UNVERIFIED","no source I personally opened","FLAG"
"index.html","alfredMoizant","Naturalized at sixty-two","[UNVERIFIED — not re-checked in the August 2026 audit; see the claims ledger] Louisiana Naturalization Records, 1812–1932 — Alfred Moizant, 2 March 1900","H UNVERIFIED","no source I personally opened","FLAG"
"index.html","alfredMoizant","A life that moved upriver","[UNVERIFIED — not re-checked in the August 2026 audit; see the claims ledger] United States Censuses of 1900, 1910 and 1930; Orleans and St. Tammany Voter Registration Records, 1867–1949","H UNVERIFIED","no source I personally opened","FLAG"
"index.html","alfredMoizantPere","Named at his son's death","[UNVERIFIED — not re-checked in the August 2026 audit; see the claims ledger] Louisiana, Orleans, Death Records and Certificates, 1835–1954 — Alfred L. Moizant, 23 February 1933","H UNVERIFIED","no source I personally opened","FLAG"
"index.html","clemenceChapeau","Named at her son's death","[UNVERIFIED — not re-checked in the August 2026 audit; see the claims ledger] Louisiana, Orleans, Death Records and Certificates, 1835–1954 — Alfred L. Moizant, 23 February 1933","H UNVERIFIED","no source I personally opened","FLAG"
"index.html","clemenceChapeau","And in a granddaughter's name","[UNVERIFIED — not re-checked in the August 2026 audit; see the claims ledger] United States Census, 1900 — Wards 5 and 10, Plaquemines Parish","H UNVERIFIED","no source I personally opened","FLAG"
"index.html","victoriaDaroca","Her burial","[UNVERIFIED — not re-checked in the August 2026 audit; see the claims ledger] Archdiocese of New Orleans, Catholic Cemeteries burial register — profile 36892935. Searched 12 August 2026.","H UNVERIFIED","no source I personally opened","FLAG"
"index.html","johnLarmannSr","HIS LOCAL WAS ALSO HIS DAUGHTER'S FUTURE IN-LAWS' LOCAL","His trade and local from his 2018 obituary and family record; Numa Louis Pedeaux Jr.'s from his own obituary, Find a Grave memorial 137366059","D fetched online source","named index/site reached this session",""
"index.html","johnLarmannSr","BEFORE THE UNION CARD — a motor repairer at twenty-two, living with his parents","United States Census, 1950 — New Orleans, Orleans Parish, ED 36-460, page 77, line 5 (NARA T628); household at 1607 Piety Street","F archival reference, inherited","real archive ref; I did NOT open it","FLAG"
"index.html","johnLarmannSr","WHY HE IS NOT IN THE ARCHDIOCESE'S DATABASE — and why that proves nothing about him","Archdiocese of New Orleans, Catholic Cemeteries burial search (nolacatholiccem.discovereverafter.com), tested 12 August 2026 against 173 sampled St. Vincent burials and eight family surnames","D fetched online source","named index/site reached this session",""
"index.html","johnLarmannSr","Louisiana marriage record","[UNVERIFIED — not re-checked in the August 2026 audit; see the claims ledger] Orleans Parish, July 1947 — p. 3644","H UNVERIFIED","no source I personally opened","FLAG"
"index.html","johnLarmannSr","THE CHURCH — St. Cecilia, in the Bywater","Family testimony (Kevin Pedeaux, August 2026); parish history and closure from the Archdiocese of New Orleans","B transcription supplied by Kevin or family papers","told to me, or scans Kevin provided",""
"index.html","johnLarmannSr","OCCUPATION FIELD: Electrician, IBEW Local 130 — retired 1988","(this field carries no citation)","Z general knowledge","asserted without its own citation","FLAG"
"index.html","charlesEmileLarmann","HIS MOTHER WAS IN THAT HOUSE TOO — the 1910 directory, one address, two families","Soards' New Orleans City Directory, 1910, p. 672 and p. 817 (also 1908 p. 754 and p. 762, and 1912)","D fetched online source","named index/site reached this session",""
"index.html","charlesEmileLarmann","WHO THE AUNTS WERE — and one of them taught school for forty years","New Orleans Public Library Obituary Index, 1804–1972 — entry ""MOORE, Leontine Victoria,"" death date 27 March 1947, with the index's own note; obituary cited to the Times-Picayune, 28 March 1947, p. 2, cols. 4 and 8, sec. 1. Sister: ""MOORE, Miss Marie Louise,"" death date 12 May 1948, aged 71 — Times-Picayune, 13 May 1948, p. 2 col. 8, and the Item, 12 May 1948, p. 9 col. 2.","D fetched online source","named index/site reached this session",""
"index.html","charlesEmileLarmann","HIS OWN HOUSE, AND HIS TRADE — 1607 PIETY STREET, APRIL 1950","United States Census, 1950 — New Orleans, Orleans Parish, ED 36-460, page 77, lines 3–7 (NARA T628). House number 1607, dwelling 64; the street is written vertically in column 1 as ""Piety."" Read off the sheet 12 August 2026.","F archival reference, inherited","real archive ref; I did NOT open it","FLAG"
"index.html","charlesEmileLarmann","THE AVENUE CHANGED ITS NAME THREE TIMES — and both enumerators were right","New Orleans Public Library / City Archives, ""Alphabetical Index of Changes in Street Names, Old and New, Period 1852 to Current Date, Dec. 1st 1938"" (nolacityarchives.org/changes-in-street-names) — verified directly, 12 August 2026. Department of Public Works ordinance card catalog, F streets, card ""FRANKLIN AVE. (Franklin Walk)"", transferred to the City Archives 2020.","A document image in this repo","assets/img/franklin-ave-1957-ordinance-card.jpg",""
"index.html","charlesEmileLarmann","THE AUNTS' HOUSE, FOUND — 927 FRANKLIN AVENUE","United States Census, 1910 — New Orleans Ward 9, ED 132, sheet 7A, dwelling 126, family 142 (NARA T624). United States Census, 1940 — New Orleans Ward 9, ED 36-246, Tract 12 part, sheet 11A, line 38, household 255 (NARA T627). Both read off the original images, 12 August 2026; street names confirmed against present-day addressing and the surveyed Franklin Avenue × Burgundy Street intersection.","F archival reference, inherited","real archive ref; I did NOT open it","FLAG"
"index.html","charlesEmileLarmann","Louisiana birth record","[UNVERIFIED — not re-checked in the August 2026 audit; see the claims ledger] Orleans Parish, 12 July 1902 — Vol. 123, p. 485","H UNVERIFIED","no source I personally opened","FLAG"
"index.html","charlesEmileLarmann","Louisiana marriage record","[UNVERIFIED — not re-checked in the August 2026 audit; see the claims ledger] Orleans Parish, August 1924 — Vol. 49, p. 468","H UNVERIFIED","no source I personally opened","FLAG"
"index.html","charlesEmileLarmann","Louisiana death record","[UNVERIFIED — not re-checked in the August 2026 audit; see the claims ledger] Orleans Parish, 13 July 1969 — p. 4760","H UNVERIFIED","no source I personally opened","FLAG"
"index.html","charlesEmileLarmann","Aunt Esther's ledger — his birth and sponsors","Handwritten family record of Esther Marguerite Larmann; photocopy via Judy Larmann Gifford, 2026","B transcription supplied by Kevin or family papers","told to me, or scans Kevin provided",""
"index.html","johannaLemoine","Family record — the flattened generation","Judy Larmann Gifford's handwritten notes, ""Johanna's Family,"" 2026","B transcription supplied by Kevin or family papers","told to me, or scans Kevin provided",""
"index.html","johannaLemoine","Her headstone — the Goubler family tomb","[UNVERIFIED — not re-checked in the August 2026 audit; see the claims ledger] Photographed by the family, August 2026","H UNVERIFIED","no source I personally opened","FLAG"
"index.html","johannaLemoine","The 1910 census — the only Johanna Lemoine in Louisiana","[UNVERIFIED — not re-checked in the August 2026 audit; see the claims ledger] 1910 U.S. census index, Orleans Parish","H UNVERIFIED","no source I personally opened","FLAG"
"index.html","robertLemoine","His headstone — Arlington National Cemetery","Army Cemeteries Explorer, section 34, grave 1964, interred 23 November 1949","F archival reference, inherited","real archive ref; I did NOT open it","FLAG"
"index.html","robertLemoine","Marriage — Orleans Parish, 1906 — the act that names his parents","Louisiana, Parish Marriages, 1787–1958 — Orleans, 22 May 1906, p. 962 (FamilySearch 1:1:QKJH-M2WC); civil index Vol. 27, p. 962","D fetched online source","named index/site reached this session",""
"index.html","robertLemoine","The battleship spoon","[UNVERIFIED — not re-checked in the August 2026 audit; see the claims ledger] Family keepsake, photographed August 2026 — see the research page","H UNVERIFIED","no source I personally opened","FLAG"
"index.html","robertLemoine","HIS SERVICE CARD — the whole war, ship by ship","Louisiana, World War I Service Records, 1917–1920 — Orleans, Navy Records; Louisiana State Archives, via FamilySearch (1:1:Q2TY-5CYY, image 3822 of 6,940)","A document image in this repo","assets/img/lemoine-1913-service-card.jpg",""
"index.html","robertLemoine","Mare Island — the 1930 census, Vallejo, California","United States Census, 1930 — Vallejo, Solano County, California; sheet 4A, line 38 (NARA T626)","F archival reference, inherited","real archive ref; I did NOT open it","FLAG"
"index.html","robertLemoine","Washington, and why he lies at Arlington","[UNVERIFIED — not re-checked in the August 2026 audit; see the claims ledger] United States Census, 1940 — Tract 96, Police Precinct 11, District of Columbia","H UNVERIFIED","no source I personally opened","FLAG"
"index.html","robertLemoine","Where the Utah was, while he was aboard her","[UNVERIFIED — not re-checked in the August 2026 audit; see the claims ledger] Dictionary of American Naval Fighting Ships, ""Utah I (Battleship No. 31),"" Naval History and Heritage Command","H UNVERIFIED","no source I personally opened","FLAG"
"index.html","robertLemoine","OCCUPATION FIELD: Chief commissary steward, United States Navy — a career sailor through the First World War","(this field carries no citation)","Z general knowledge","asserted without its own citation","FLAG"
"index.html","stephenHanley","Named at his daughter's marriage","[UNVERIFIED — not re-checked in the August 2026 audit; see the claims ledger] Louisiana, Parish Marriages, 1787–1958 — Orleans, 22 May 1906, p. 962","H UNVERIFIED","no source I personally opened","FLAG"
"index.html","maryReed","Named at her daughter's marriage","[UNVERIFIED — not re-checked in the August 2026 audit; see the claims ledger] Louisiana, Parish Marriages, 1787–1958 — Orleans, 22 May 1906, p. 962","H UNVERIFIED","no source I personally opened","FLAG"
"index.html","agnesHanley","Marriage — Orleans Parish, 1906, read in full","Louisiana, Parish Marriages, 1787–1958 — Orleans, 22 May 1906, p. 962 (FamilySearch 1:1:QKJH-M2WC); civil index Vol. 27, p. 962","D fetched online source","named index/site reached this session",""
"index.html","agnesHanley","The death of her infant daughter","[UNVERIFIED — not re-checked in the August 2026 audit; see the claims ledger] Louisiana death index, Orleans, 9 November 1909 — Vol. 147, p. 1104","H UNVERIFIED","no source I personally opened","FLAG"
"index.html","agnesHanley","Her own obituary — the record that proves the whole line","New Orleans newspaper, November 1964; clipping kept by the family, via Judy Larmann Gifford","B transcription supplied by Kevin or family papers","told to me, or scans Kevin provided",""
"index.html","anthonyLarmann","WHERE HE LIVED — 922 PORT STREET, read off the same sheet","United States Census, 1900 — Louisiana, Orleans, ED 85, 4th Precinct, New Orleans Ward 9, sheet 14A, line 46; HOUSE 922, dwelling 258, family 267 (NARA T623). Enumerated 12 June 1900 by James C. Garity.","F archival reference, inherited","real archive ref; I did NOT open it","FLAG"
"index.html","anthonyLarmann","WHAT HE DID FOR A LIVING — the 1900 census, read off the sheet","United States Census, 1900 — ED 85, 4th Precinct, New Orleans Ward 9, sheet 14A, LINE 46; house 922, family 267 (NARA T623). FamilySearch image 3:1:S3HY-6SQY-F2.","A document image in this repo","assets/img/larmann-1900-draughtsman.jpg",""
"index.html","anthonyLarmann","His marriage — the act that names his parents","[UNVERIFIED — not re-checked in the August 2026 audit; see the claims ledger] Louisiana, Parish Marriages, 1787–1958 — Orleans, November 1895; civil index Vol. 18, p. 718","H UNVERIFIED","no source I personally opened","FLAG"
"index.html","anthonyLarmann","His own name, written out in his daughters' birth records","[UNVERIFIED — not re-checked in the August 2026 audit; see the claims ledger] Louisiana, Orleans, Birth Records, 1819–1915 — Mary Eugenia Larmann, 20 September 1896, certificate 91; and Louise Frances Larmann, 1897","H UNVERIFIED","no source I personally opened","FLAG"
"index.html","anthonyLarmann","In his father's house, aged eight","[UNVERIFIED — not re-checked in the August 2026 audit; see the claims ledger] United States Census, 1880 — New Orleans, household of J. C. Larman","H UNVERIFIED","no source I personally opened","FLAG"
"index.html","anthonyLarmann","Louisiana death record","[UNVERIFIED — not re-checked in the August 2026 audit; see the claims ledger] Orleans Parish, 12 February 1904 — Vol. 131, p. 1097","H UNVERIFIED","no source I personally opened","FLAG"
"index.html","anthonyLarmann","OCCUPATION FIELD: DRAUGHTSMAN — read off the 1900 census in his own enumerator's hand. The family remembered ""architect""; the record says the man who drew the","(this field carries no citation)","Z general knowledge","asserted without its own citation","FLAG"
"index.html","eugeniaMoore","Louisiana death record","[UNVERIFIED — not re-checked in the August 2026 audit; see the claims ledger] Orleans Parish, 23 February 1921 — Vol. 181, p. 257","H UNVERIFIED","no source I personally opened","FLAG"
"index.html","eugeniaMoore","Aunt Esther's ledger — her dates","Handwritten family record of Esther Marguerite Larmann; photocopy via Judy Larmann Gifford, 2026","B transcription supplied by Kevin or family papers","told to me, or scans Kevin provided",""
"index.html","johnCasparLarmann","His baptism — read in the Gesmold parish register","[UNVERIFIED — not re-checked in the August 2026 audit; see the claims ledger] Katholische Pfarrei St. Petrus, Gesmold (Melle) — Taufen 1846–1852, D1_105, entry 16 of 1846","A document image in this repo","assets/img/gesmold-1846-baptisms.jpg",""
"index.html","johnCasparLarmann","The record that first named his parents","[UNVERIFIED — not re-checked in the August 2026 audit; see the claims ledger] Louisiana Parish Marriages — Orleans, 26 April 1884 (Vol. 10, p. 589)","H UNVERIFIED","no source I personally opened","FLAG"
"index.html","johnCasparLarmann","His death certificate — the parents again, independently","[UNVERIFIED — not re-checked in the August 2026 audit; see the claims ledger] Louisiana, Orleans, Death Records and Certificates — 21 November 1921","H UNVERIFIED","no source I personally opened","FLAG"
"index.html","johnCasparLarmann","First marriage","[UNVERIFIED — not re-checked in the August 2026 audit; see the claims ledger] Orleans Parish, November 1870 — Vol. 1, p. 662","H UNVERIFIED","no source I personally opened","FLAG"
"index.html","johnCasparLarmann","Second marriage","[UNVERIFIED — not re-checked in the August 2026 audit; see the claims ledger] Orleans Parish, April 1884 — Vol. 10, p. 589","H UNVERIFIED","no source I personally opened","FLAG"
"index.html","johnCasparLarmann","The Stauder puzzle, and how it fooled me","U.S. Federal censuses 1860, 1870, 1880 and 1900, Orleans Parish; with research notes by T. Brown in a RootsWeb family file supplied by Judy Gifford, 2026","B transcription supplied by Kevin or family papers","told to me, or scans Kevin provided",""
"index.html","johnCasparLarmann","Her name in her own children's birth records — eight of them","Alphabetical Birth Indexes for Orleans Parish, 1796–1900; transcribed in the RootsWeb family file supplied by Judy Gifford, 2026","B transcription supplied by Kevin or family papers","told to me, or scans Kevin provided",""
"index.html","johnCasparLarmann","Louisiana death record","[UNVERIFIED — not re-checked in the August 2026 audit; see the claims ledger] Orleans Parish, 21 November 1921 — Vol. 183, p. 215","H UNVERIFIED","no source I personally opened","FLAG"
"index.html","johnCasparLarmann","Aunt Esther's ledger — ""Father's Parents""","Handwritten family record of Esther Marguerite Larmann; photocopy via Judy Larmann Gifford, 2026","B transcription supplied by Kevin or family papers","told to me, or scans Kevin provided",""
"index.html","johnCasparLarmann","His brother found — a Larmann branch in Brooklyn","[UNVERIFIED — not re-checked in the August 2026 audit; see the claims ledger] New York City Municipal Deaths — Henry Larmann, 29 November 1938, Brooklyn, certificate 22867","H UNVERIFIED","no source I personally opened","FLAG"
"index.html","johnCasparLarmann","His obituary, in full — Times-Picayune, 23 November 1921","New Orleans Times-Picayune; transcribed in a RootsWeb family file supplied by Judy Gifford, 2026","B transcription supplied by Kevin or family papers","told to me, or scans Kevin provided",""
"index.html","johnCasparLarmann","32 INDEPENDENCE, FOUND ON A FIRE MAP — and the house was already gone","Sanborn Fire Insurance Map from New Orleans, Louisiana, 1893, Vol. IV, plate 148 — Library of Congress, Geography and Map Division, g4014nm g03376189304. Located via the volume's own street index: ""Independence, 1–64 … 148."" Modern block identified from the surveyed Independence × Royal and Independence × Chartres intersections.","A document image in this repo","assets/img/sanborn-1893-independence.jpg",""
"index.html","johnCasparLarmann","FORTY-SIX YEARS OF ADDRESSES — the city directories, and a trade that changed","Soards' New Orleans City Directory and its predecessors: 1876 p. 422; 1878 p. 424; 1883 p. 460; 1884 p. 483; 1908 p. 624; 1910 p. 672; 1912 p. 657. Read in the digitised full-view volumes at HathiTrust, August 2026. With the 1900 census transcription, the November 1921 obituary, and family testimony from John Larmann Sr. via his grandson.","B transcription supplied by Kevin or family papers","told to me, or scans Kevin provided",""
"index.html","johnCasparLarmann","HIS GRAVE, LOCATED — and the walk is named for his own parish priest","Archdiocese of New Orleans, Catholic Cemeteries burial register — St. Roch Cemetery, profile 36953104 (nolacatholiccem.discovereverafter.com/profile/36953104). Searched 12 August 2026. Sons Casper M. and Edward J. are profiles 36953103 and 36953101.","D fetched online source","named index/site reached this session",""
"index.html","johnCasparLarmann","Naturalization — 16 October 1868","[UNVERIFIED — not re-checked in the August 2026 audit; see the claims ledger] Fifth District Court, New Orleans — Minor's Naturalization Book 6, p. 189B","H UNVERIFIED","no source I personally opened","FLAG"
"index.html","johnCasparLarmann","Obituary notices","[UNVERIFIED — not re-checked in the August 2026 audit; see the claims ledger] NOPL obituary index — Times-Picayune, 22 Nov 1921, p. 2 col. 8, and 23 Nov 1921, p. 2 col. 8","H UNVERIFIED","no source I personally opened","FLAG"
"index.html","johnCasparLarmann","OCCUPATION FIELD: Cabinet maker and carpenter — United Brotherhood of Carpenters and Joiners, Local No. 1312","(this field carries no citation)","Z general knowledge","asserted without its own citation","FLAG"
"index.html","johnCasparLarmannSr","Named in his son's baptism — the primary record","[UNVERIFIED — not re-checked in the August 2026 audit; see the claims ledger] Katholische Pfarrei St. Petrus, Gesmold — Taufen 1846–1852, entry 16 of 1846","H UNVERIFIED","no source I personally opened","FLAG"
"index.html","johnCasparLarmannSr","His marriage — Gesmold, 8 November 1843","[UNVERIFIED — not re-checked in the August 2026 audit; see the claims ledger] Katholische Pfarrei St. Petrus, Gesmold — Heiraten 1811–1852, D2_202, last entry of 1843","H UNVERIFIED","no source I personally opened","FLAG"
"index.html","johnCasparLarmannSr","Named on his son's American marriage record","[UNVERIFIED — not re-checked in the August 2026 audit; see the claims ledger] Louisiana Parish Marriages — Orleans, 26 April 1884 (Vol. 10, p. 589)","H UNVERIFIED","no source I personally opened","FLAG"
"index.html","johnCasparLarmannSr","OCCUPATION FIELD: Neubauer zu Weringhof — a new-settler farmer","(this field carries no citation)","Z general knowledge","asserted without its own citation","FLAG"
"index.html","mariaElisabethWerges","Her marriage — Gesmold, 8 November 1843","[UNVERIFIED — not re-checked in the August 2026 audit; see the claims ledger] Katholische Pfarrei St. Petrus, Gesmold — Heiraten 1811–1852, last entry of 1843","H UNVERIFIED","no source I personally opened","FLAG"
"index.html","mariaElisabethWerges","Named on her son's marriage record","[UNVERIFIED — not re-checked in the August 2026 audit; see the claims ledger] Louisiana Parish Marriages — Orleans, 26 April 1884 (Vol. 10, p. 589)","H UNVERIFIED","no source I personally opened","FLAG"
"index.html","johannCasparLaarmann1791","His marriage — Gesmold, 31 January 1815","[UNVERIFIED — not re-checked in the August 2026 audit; see the claims ledger] Katholische Pfarrei St. Petrus, Gesmold — Heiraten 1811–1852, D2_202, second entry of 1815","H UNVERIFIED","no source I personally opened","FLAG"
"index.html","catharinaMariaOrtmann","Her marriage — Gesmold, 31 January 1815","[UNVERIFIED — not re-checked in the August 2026 audit; see the claims ledger] Katholische Pfarrei St. Petrus, Gesmold — Heiraten 1811–1852, second entry of 1815","H UNVERIFIED","no source I personally opened","FLAG"
"index.html","emilyMevers","Marriage — Orleans Parish","[UNVERIFIED — not re-checked in the August 2026 audit; see the claims ledger] Louisiana Parish Marriages — Orleans, 10 November 1870 (Vol. 1, p. 662)","H UNVERIFIED","no source I personally opened","FLAG"
"index.html","emilyMevers","Louisiana death record","[UNVERIFIED — not re-checked in the August 2026 audit; see the claims ledger] Orleans Parish, 11 February 1882 — Vol. 80, p. 272","H UNVERIFIED","no source I personally opened","FLAG"
"index.html","henryMoore","Louisiana marriage record","[UNVERIFIED — not re-checked in the August 2026 audit; see the claims ledger] Orleans Parish, May 1871 — Vol. 2, p. 162","H UNVERIFIED","no source I personally opened","FLAG"
"index.html","henryMoore","Louisiana death record","[UNVERIFIED — not re-checked in the August 2026 audit; see the claims ledger] Orleans Parish, 9 December 1893 — Vol. 105, p. 417","H UNVERIFIED","no source I personally opened","FLAG"
"index.html","valentineGoubler","Louisiana death record — under her maiden name","[UNVERIFIED — not re-checked in the August 2026 audit; see the claims ledger] Orleans Parish, 14 February 1926 — Vol. 192, p. 169","H UNVERIFIED","no source I personally opened","FLAG"
"index.html","valentineGoubler","The old tomb tablet","[UNVERIFIED — not re-checked in the August 2026 audit; see the claims ledger] Goubler family tomb; photographed by the family, August 2026","H UNVERIFIED","no source I personally opened","FLAG"
"index.html","josephGoubler","PVT. EMILE THOMAS GOUBLER — his name is on the arch, and he did not die the way the family thinks","Find a Grave memorial 209296699 (service number, unit and cause); Soldiers of the Great War, Vol. I, pp. 419–422 (Haulsee, Howe & Doyle, 1920), under ""Died of Disease""; Honor States profile 561092; the Ninth Ward Victory Arch plaques as transcribed by the Historical Marker Database; 39th Infantry Division unit history","D fetched online source","named index/site reached this session",""
"index.html","josephGoubler","Louisiana death record","[UNVERIFIED — not re-checked in the August 2026 audit; see the claims ledger] Orleans Parish, 7 November 1892 — Vol. 102, p. 1145","H UNVERIFIED","no source I personally opened","FLAG"
"index.html","josephGoubler","The tomb roster","John Larmann Sr. tomb; typed roster via Judy Larmann Gifford, 2026","B transcription supplied by Kevin or family papers","told to me, or scans Kevin provided",""
"index.html","josephGoubler","The tomb itself","[UNVERIFIED — not re-checked in the August 2026 audit; see the claims ledger] Family photographs, August 2026","H UNVERIFIED","no source I personally opened","FLAG"
"index.html","victoireCirclot","Louisiana death record","[UNVERIFIED — not re-checked in the August 2026 audit; see the claims ledger] Orleans Parish, 23 December 1895 — Vol. 110, p. 79","H UNVERIFIED","no source I personally opened","FLAG"
"index.html","josephLemoine","Named at his son's baptism","[UNVERIFIED — not re-checked in the August 2026 audit; see the claims ledger] Church of St. John the Baptist, Edgard — B7, p. 49; SRANO Vol. 18 (1828–1829)","H UNVERIFIED","no source I personally opened","FLAG"
"index.html","marieRibas","Named at her son's baptism","[UNVERIFIED — not re-checked in the August 2026 audit; see the claims ledger] Church of St. John the Baptist, Edgard — B7, p. 49; SRANO Vol. 18 (1828–1829)","H UNVERIFIED","no source I personally opened","FLAG"
"index.html","marieRibas","The Ribas family she probably belongs to","[UNVERIFIED — not re-checked in the August 2026 audit; see the claims ledger] SRANO Vols. 14 and 16 — St. John the Baptist, Edgard (SJBED, B4, 57 and B4, 165)","H UNVERIFIED","no source I personally opened","FLAG"
"index.html","alexisLemoine","HIS OWN BAPTISM — the record that named his parents","[UNVERIFIED — not re-checked in the August 2026 audit; see the claims ledger] Church of St. John the Baptist, Edgard — Baptismal book 7, p. 49 (SJBED, B7, 49); abstracted in Sacramental Records of the Archdiocese of New Orleans, Vol. 18 (1828–1829)","H UNVERIFIED","no source I personally opened","FLAG"
"index.html","alexisLemoine","Godfather at Poppone's baptism","[UNVERIFIED — not re-checked in the August 2026 audit; see the claims ledger] Church of St. John the Baptist, Edgard — baptism of 21 January 1864","H UNVERIFIED","no source I personally opened","FLAG"
"index.html","alexisLemoine","The 1880 census — his household, with Alonzo in it","[UNVERIFIED — not re-checked in the August 2026 audit; see the claims ledger] 1880 U.S. census, 1st Ward, ED 160, St. John the Baptist Parish, sheet 7B","H UNVERIFIED","no source I personally opened","FLAG"
"index.html","alexisLemoine","OCCUPATION FIELD: Brick mason","(this field carries no citation)","Z general knowledge","asserted without its own citation","FLAG"
"index.html","francoiseMartin","ALICE OR FRANÇOISE? — the priest wrote Alice twice, four years apart","St. John the Baptist Catholic Church, Edgard — baptisms of Louis Alcee Lemoine (born 11 Nov 1863, baptised 1 Feb 1864) and Alfred Florian Lemoine (born 9 Nov 1867, baptised 12 Feb 1868), transcribed from Les Voyageurs, journal of the German-Acadian Coast Historical and Genealogical Society, by Shirley C. Terrio; with the United States Census, 1880, Edgard","D fetched online source","named index/site reached this session",""
"index.html","genevieveRousselle","Her baptismal certificate — the record that proves the line","[UNVERIFIED — not re-checked in the August 2026 audit; see the claims ledger] Church of St. John the Baptist, Edgard, Louisiana; certificate issued 29 July 1936 by Rev. Ernest Milby, pastor","H UNVERIFIED","no source I personally opened","FLAG"
"index.html","genevieveRousselle","The family record — her dates in full","Judy Larmann Gifford's notes, taken down from her father John Larmann Sr., 2026","B transcription supplied by Kevin or family papers","told to me, or scans Kevin provided",""
"index.html","valeryRousselle","The 1880 census — Edgard, St. John the Baptist Parish","[UNVERIFIED — not re-checked in the August 2026 audit; see the claims ledger] 1880 U.S. census, Edgard, St. John the Baptist Parish, Louisiana","H UNVERIFIED","no source I personally opened","FLAG"
"index.html","valeryRousselle","His wife named in his children's records","[UNVERIFIED — not re-checked in the August 2026 audit; see the claims ledger] Louisiana Parish Marriages and Deaths — entries for Ozeme Joseph and Leo Rousselle","H UNVERIFIED","no source I personally opened","FLAG"
"index.html","henryJohnWellmeyer","SENTINEL OF PELICAN LODGE NO. 62 — he was a union man","The Herald (New Orleans), 23 January 1913, p. 4 — installation of officers, Pelican Lodge No. 62, International Association of Machinists, at Pythian Hall (Chronicling America)","D fetched online source","named index/site reached this session",""
"index.html","henryJohnWellmeyer","HIS 1942 DRAFT CARD — and the word under EMPLOYER","United States, World War II Draft Registration Cards, Fourth Registration — NARA RG 147, Local Board No. 4, Orleans Parish, 4621 Canal St., registered 27 April 1942","F archival reference, inherited","real archive ref; I did NOT open it","FLAG"
"index.html","henryJohnWellmeyer","LABOURER TO MACHINIST IN FOUR YEARS — three directories, three addresses","Soards' New Orleans City Directory, 1908 p. 1100, 1910 p. 1177, and 1912","D fetched online source","named index/site reached this session",""
"index.html","henryJohnWellmeyer","Louisiana birth record","[UNVERIFIED — not re-checked in the August 2026 audit; see the claims ledger] Orleans Parish, 13 March 1886 — Vol. 83, p. 968","H UNVERIFIED","no source I personally opened","FLAG"
"index.html","henryJohnWellmeyer","Louisiana marriage record","[UNVERIFIED — not re-checked in the August 2026 audit; see the claims ledger] Orleans Parish, 1910 — Vol. 32, p. 303","H UNVERIFIED","no source I personally opened","FLAG"
"index.html","henryJohnWellmeyer","OCCUPATION FIELD: Labourer in 1908; MACHINIST from 1910 onward — the city directories catch the change.","(this field carries no citation)","Z general knowledge","asserted without its own citation","FLAG"
"index.html","berthaSander","TWO CORRECTIONS FROM THE STATE INDEXES — her birthday and her death date","Louisiana, Orleans Parish birth index, Volume 83, p. 27; Louisiana death index, Orleans, Volume 0, p. 2306; New Orleans Public Library Obituary Index","D fetched online source","named index/site reached this session",""
"index.html","louisSander","Louisiana marriage record","[UNVERIFIED — not re-checked in the August 2026 audit; see the claims ledger] Orleans Parish, June 1872 — Vol. 3, p. 109","H UNVERIFIED","no source I personally opened","FLAG"
"index.html","louisSander","Louisiana death record","[UNVERIFIED — not re-checked in the August 2026 audit; see the claims ledger] Orleans Parish, 12 November 1914 — Vol. 161, p. 1051","H UNVERIFIED","no source I personally opened","FLAG"
"index.html","johnWellmeyer","Louisiana marriage record","[UNVERIFIED — not re-checked in the August 2026 audit; see the claims ledger] Orleans Parish, January 1883 — Vol. 9, p. 738","H UNVERIFIED","no source I personally opened","FLAG"
"index.html","johnWellmeyer","Louisiana death record","[UNVERIFIED — not re-checked in the August 2026 audit; see the claims ledger] Orleans Parish, 15 December 1922 — Vol. 186, p. 121","H UNVERIFIED","no source I personally opened","FLAG"
"index.html","henryBernardWellmeyer","A WELLMEYER ON STAGE AT HOLY TRINITY, 1877 — the same parish, four generations early","The Morning Star and Catholic Messenger, New Orleans, 28 October 1877, p. 5, and 9 December 1877, p. 5 (Chronicling America)","D fetched online source","named index/site reached this session",""
"index.html","henryBernardWellmeyer","HE SIGNED A POLITICAL PETITION IN 1872, AND SAT ON A JURY IN 1880","New Orleans Republican, 23 June 1872, p. 2 (Chronicling America). New Orleans Daily Democrat, 7 January 1880, p. 2, and 26 June 1878, p. 3.","D fetched online source","named index/site reached this session",""
"index.html","henryBernardWellmeyer","THE SUPREME COURT OF LOUISIANA SETTLED HIS ESTATE — and his son sued it for wages","Succession of Bernard Wellmeyer, No. 8343, 34 La. Ann. 819 (Supreme Court of Louisiana, May 1882). Full opinion, Caselaw Access Project.","D fetched online source","named index/site reached this session",""
"index.html","henryBernardWellmeyer","THE SHOP, AND WHAT HE DID BEFORE IT — Clouet at North Rampart","Gardner's New Orleans directories 1861 and 1866; Soards' 1875 (pp. 701 and 797), 1878 and 1883; Polk's 1876 and 1884","D fetched online source","named index/site reached this session",""
"index.html","henryBernardWellmeyer","The 1880 census — taken weeks before his death","New Orleans, ED 62, sheet 165C — NARA T9","F archival reference, inherited","real archive ref; I did NOT open it","FLAG"
"index.html","henryBernardWellmeyer","Louisiana death record","[UNVERIFIED — not re-checked in the August 2026 audit; see the claims ledger] Orleans Parish, 23 September 1880 — Vol. 77, p. 470","H UNVERIFIED","no source I personally opened","FLAG"
"index.html","henryBernardWellmeyer","Birth of his son Louis — the couple named together","[UNVERIFIED — not re-checked in the August 2026 audit; see the claims ledger] Orleans Parish, 2 February 1864 — Vol. 36, p. 376","H UNVERIFIED","no source I personally opened","FLAG"
"index.html","henryBernardWellmeyer","OCCUPATION FIELD: Grocer","(this field carries no citation)","Z general knowledge","asserted without its own citation","FLAG"
"index.html","carolineLobmeyer","Louisiana death record","[UNVERIFIED — not re-checked in the August 2026 audit; see the claims ledger] Orleans Parish, 7 December 1903 — Vol. 131, p. 367","H UNVERIFIED","no source I personally opened","FLAG"
"map.html","bas-de-la-fosse","Le bas de la Fosse, Nantes","Sandrine Dosseul, ""Le quartier de la Fosse à Nantes aux XVIe et XVIIe siècles,"" Mémoires de la Société d'Histoire et d'Archéologie de Bretagne, t. 76 (1998), pp. 215–230; Patrimonia Nantes. ONE HONEST LIMIT: Dosseul's evidence is sixteenth and seventeenth century, one to two generations before Michel. The geography of the phrase is settled; its social character is continuity, not proof. Pin is the quay's western terminus at the place de Jacksonville.","D fetched online source","https://m.shabretagne.com/scripts/files/6698cd66847564.52033787/1998_10.pdf | https://patrimonia.nantes.fr/home/decouvrir/themes-et-quartiers/fosse.html",""
"map.html","chantenay","Chantenay, on the Loire below Nantes","Patrimonia Nantes, ""Fresque des Acadiens""; Acadian.org, ships transporting Acadians to Louisiana, 1785. THIS IS A LEAD, NOT A FINDING: no document names any Pédeau in connection with the Acadians. What the overlap supplies is a plausible mechanism — a neighbourhood that knew exactly where in Louisiana to go — which ""he emigrated"" does not. The Saint-Martin de Chantenay registers are where it would be proved or killed.","D fetched online source","https://patrimonia.nantes.fr/home/decouvrir/themes-et-quartiers/fresque-des-acadiens.html | https://www.acadian.org/culture/louisiana/ships-transportation-acadians-louisiana/",""
"map.html","moulin-de-la-marche","The Moulin de la Marche, Sainte-Pazanne","Destination Pornic heritage notice, ""Les moulins de Sainte-Pazanne."" CORRECTION CARRIED FORWARD: this archive previously placed the mill near the rue de l'Abreuvoir. Every source found says rue de l'Auditoire. The rue de l'Abreuvoir does exist in Sainte-Pazanne but nothing connects it to the mill, so the earlier reading is withdrawn as unverified.","D fetched online source","https://www.cirkwi.com/en/point-interet/1039781-les-moulins-de-sainte-pazanne",""
"map.html","brulon","Brûlon, province of Maine","St. James Parish sacramental records; see his page for the identification of Brûlon.","D/Z source named in prose only","no outbound link on this pin","FLAG"
"map.html","bertrambois","Bertrambois, Meurthe-et-Moselle","Bertrambois marriage of his parents, 1808 — see his page. The Lorraine identification corrects an older assumption of German origin.","D/Z source named in prose only","no outbound link on this pin","FLAG"
"map.html","edgard","Edgard, St. John the Baptist Parish","Edgard sacramental registers, November 1829; United States Census, 1880, Edgard, St. John the Baptist Parish, 1st Ward, ED 160, sheet 7B; family notes of Judy Larmann Gifford.","B transcription supplied by Kevin","no outbound link on this pin","FLAG"
"map.html","st-james-parish","St. James Parish, on the river","St. James Parish sacramental records; see the Gaiennie entries.","D/Z source named in prose only","no outbound link on this pin","FLAG"
"map.html","gesmold","Gesmold, Kingdom of Hanover","FamilySearch profile with forty-four attached records giving his birth and christening at Gesmold; Esther Larmann's handwritten ledger, copied out by Judy Gifford, August 2026.","B transcription supplied by Kevin","no outbound link on this pin","FLAG"
"map.html","ibbenburen","Ibbenbüren, Westphalia","GenWiki (Ibbenbüren and Kreis Tecklenburg); Stadtmuseum Ibbenbüren town chronicle; Friedrich Müller, Westfälische Auswanderer im 19. Jahrhundert. ONE HONEST NOTE: of Müller's published records, the documented American chain from Ibbenbüren parish itself pointed mainly at Cincinnati; the New Orleans channel in that district ran through neighbouring parishes.","D fetched online source","https://vereine.genealogy.net/wggf/downloads/BZWF22_24_Auswanderer_RBZ_Muenster.pdf | https://wiki.genealogy.net/Ibbenb%C3%BCren",""
"map.html","plataci","Plataci, Cosenza, Calabria","Plataci birth register, 5 May 1893, read from the original image; Ellis Island manifest, 1912; Orleans Parish marriage record, June 1921. The birth act is reproduced on his page.","D fetched online source","https://en.wikipedia.org/wiki/Plataci",""
"map.html","saint-enogat","Saint-Énogat, Brittany","Diocese of Baton Rouge Catholic Church Records vol. 3, as abstracted by Steven A. Cormier, Acadians in Gray; the 1785 sailing lists.","D/Z source named in prose only","no outbound link on this pin","FLAG"
"map.html","bordeaux","Bordeaux, Gironde","Louisiana, Orleans, Death Records and Certificates — Alfred L. Moizant, 23 February 1933; obituary, New Orleans, 23 February 1933; voter registration, 9 December 1931.","D/Z source named in prose only","no outbound link on this pin","FLAG"
"map.html","machecoul","Machecoul — La Trinité and Sainte-Croix","InfoBretagne, Machecoul; Filae surname index (record occurrences, not people). TWO DATING CAVEATS: the church of La Trinité standing today is neo-Gothic, built 1863–1881, so the acts were witnessed in its medieval predecessor; and the ruins of Sainte-Croix could not be geolocated, so this pin is on La Trinité. Sainte-Pazanne's own church, where Michel was baptised in 1739, was burned in the Revolution and rebuilt in 1819.","D fetched online source","https://www.infobretagne.com/machecoul.htm",""
"map.html","casper-dauphine","2833 Dauphine Street","The number is 2833, from two independent directions: the 1900 census transcription, and John Larmann Sr.'s own account of visiting Casper's children here, passed to his grandson. Casper's 1921 obituary prints 2883 ""near Press"" — a single source against two, and treated here as the outlier rather than quietly averaged away.","B transcription supplied by Kevin","no outbound link on this pin","FLAG"
"map.html","casper-independence","32 Independence Street — the 600 block today","Sanborn Fire Insurance Map from New Orleans, 1893, Vol. IV, plate 148 — Library of Congress, Geography and Map Division. Reproduced on his page. The pin sits on the surveyed Independence × Royal intersection; the block runs from there down to Chartres at 29.96113, -90.03959, and is the 600 block in modern numbering.","D fetched online source","https://www.loc.gov/item/sanborn03376_004/",""
"map.html","larmann-922-port","922 Port Street","United States Census, 1900 — Louisiana, Orleans, ED 85, 4th Precinct, New Orleans Ward 9, sheet 14A, line 46; house 922, dwelling 258, family 267 (NARA T623). The same sheet reproduced on his page.","D/Z source named in prose only","no outbound link on this pin","FLAG"
"map.html","stauder-dauphine","690 Dauphine Street","United States Census, 1880 — Orleans Parish, dwelling 117.","D/Z source named in prose only","no outbound link on this pin","FLAG"
"map.html","larmann-1607-piety","1607 Piety Street","United States Census, 1950 — New Orleans, Orleans Parish, ED 36-460, page 77, lines 3–7 (NARA T628). House number 1607, dwelling 64, read off the sheet; the street is written vertically in column 1 as ""Piety."" Neighbours at 1615 and 1511 on the same page match the modern block exactly.","D/Z source named in prose only","no outbound link on this pin","FLAG"
"map.html","pedeaux-west-end","6509 West End Boulevard","United States, World War II Draft Registration Cards, 1942 — 4th Registration, State of Louisiana; serial U-1108, signed Numa L. Pedeaux. The card is reproduced on his page.","D fetched online source","https://catalog.archives.gov/id/576248",""
"map.html","mcdonogh-16","McDonogh School No. 16 — 1814 Bourbon Street","Soards' New Orleans City Directory, 1908 p. 762, 1910 p. 817, and 1912 — all giving the school and its Bourbon Street address; New Orleans Public Library Obituary Index for the forty years. The directories give the school's street number but no building survives under that number in modern addressing, so this pin is on the block.","D fetched online source","https://nolacityarchives.org/genealogy-guide/obituary-index/",""
"map.html","wellmeyer-alvar","1029 Alvar Street — and 3903 N. Rampart round the corner","Soards' New Orleans City Directory, 1908 p. 1100, 1910 p. 1177, and 1912. Pin is on the 1910 address; 3903 N. Rampart is the corner behind it.","D/Z source named in prose only","no outbound link on this pin","FLAG"
"map.html","neville-canal","W. H. Neville — 931 Canal Street","Soards' New Orleans City Directory, 1912, p. 871. The 1910 directory also lists ""Pedeaux Numa, electrician,"" at a Columbus Street address the OCR truncates — unverified and therefore not plotted.","D fetched online source","https://babel.hathitrust.org/cgi/pt?id=uiug.30112045772842&seq=873",""
"map.html","maritime-electric","Maritime Electric Co. — 615 Commerce Place","United States, World War II Draft Registration Cards, 1942, serial U-1108. ""Commerce Place"" does not appear in modern New Orleans addressing, so this pin sits on Commerce Street in the Warehouse District rather than on a doorway — the block is right, the building is not identified.","D fetched online source","https://catalog.archives.gov/id/576248",""
"map.html","lemoine-camp","5608 Camp Street","Louisiana, World War I Service Records, 1917–1920 — Orleans, Navy Records. The card itself is reproduced on his page.","D/Z source named in prose only","no outbound link on this pin","FLAG"
"map.html","goubler-ferdinand","1722 St. Ferdinand Street","Obituary and Orleans Parish records — see the Goubler entries.","D/Z source named in prose only","no outbound link on this pin","FLAG"
"map.html","moore-franklin-727","727 Franklin Avenue","United States Census, 1940 — New Orleans Ward 9, ED 36-246, sheet 11A, line 38, household 255 (NARA T627). The enumerator wrote the street as ""Almonaster""; the house number was checked digit by digit against 919, 923 and 925 on the same sheet, whose nines are looped where this seven is not. Occupation from the New Orleans Public Library Obituary Index, 1804–1972. ONE CAVEAT KEPT IN VIEW: a search of digitised New Orleans papers finds no occurrence of ""727 Almonaster"" in 1947 or 1948, so the newspapers have not corroborated the number. That is weak evidence either way — death-notice type is small and OCR of it is poor — and the census sheet remains the primary source.","D fetched online source","https://nolacityarchives.org/changes-in-street-names/ | https://nolacityarchives.org/genealogy-guide/obituary-index/",""
"map.html","moore-franklin-927","927 Franklin Avenue — THE HOUSE","United States Census, 1910 — New Orleans Ward 9, ED 132, sheet 7A, dwelling 126, family 142 (NARA T624); the enumerator wrote the street as ""Lafayette Street,"" which was its correct name in 1910. The house number comes from family memory — John Larmann Sr. named 927 to his grandson — and the census independently puts this household at 927 on this block. Street name chain documented: Enghein → Lafayette Avenue (Ord. 395 C.C., 1852) → Almonaster Avenue (Ord. 7742 C.C.S., 20 Feb 1924) → Franklin Avenue (Ord. 1215 M.C.S., 31 Oct 1957). See Charles Emile Larmann's page.","D fetched online source","https://nolacityarchives.org/changes-in-street-names/",""
"map.html","holy-trinity","Holy Trinity Church — 721 St. Ferdinand Street","Casper's obituary; parish history. Distance measured between the two geocoded points on this map — his house at 2833 Dauphine is the next marker over.","D fetched online source","https://www.neworleanschurches.com/holytrinity/holytrin.htm",""
"map.html","st-vincent-de-paul-church","St. Vincent de Paul Church — 3051 Dauphine Street","Archdiocese of New Orleans; St. Vincent de Paul Roman Catholic Church, New Orleans. Distance measured between the two geocoded points on this map.","D fetched online source","https://www.neworleanschurches.com/stvincent/index.htm",""
"map.html","st-cecilia","St. Cecilia Church — 4201 N. Rampart Street","Family testimony (Kevin Pedeaux, August 2026) for the church; Orleans Parish marriage record, July 1947, p. 3644 for the marriage. Parish history and closure: Archdiocese of New Orleans.","D fetched online source","https://www.neworleanschurches.com/stcecilia/stcecilia.htm",""
"map.html","st-catherine-siena","St. Catherine of Siena — 105 Bonnabel Boulevard, Metairie","Family testimony (Kevin Pedeaux, August 2026).","B transcription supplied by Kevin","no outbound link on this pin","FLAG"
"map.html","wellmeyer-grocery","B. H. Wellmeyer's grocery — Clouet at N. Rampart","Gardner's 1861 and 1866; Soards' 1875 (pp. 701 and 797), 1878 and 1883; Polk's 1876 and 1884. The street number 761 is pre-1894 and does not map; THE CORNER IS THE RELIABLE LOCATOR, and it still exists.","D fetched online source","https://static.case.law/la-ann/34/cases/0819-01.json | https://babel.hathitrust.org/cgi/pt?id=umn.31951002253299l&seq=705",""
"map.html","wellmeyer-conti","1322 Conti Street, Apt. S","United States, World War II Draft Registration Cards, Fourth Registration, Louisiana — NARA RG 147, Local Board No. 4, Orleans Parish, registered 27 April 1942.","D/Z source named in prose only","no outbound link on this pin","FLAG"
"map.html","st-roch-cem","St. Roch Cemetery — 1725 St. Roch Avenue","Archdiocese of New Orleans, Catholic Cemeteries burial register, profile 36953104. Searched 12 August 2026.","D fetched online source","https://nolacatholiccem.discovereverafter.com/profile/36953104",""
"map.html","st-louis-3","St. Louis Cemetery No. 3 — 3421 Esplanade Avenue","Archdiocese of New Orleans, Catholic Cemeteries burial register, profiles 36915128–36915133 and 36892935–36892936.","D fetched online source","https://nolacatholiccem.discovereverafter.com/profile/36915133 | https://nolacatholiccem.discovereverafter.com/profile/36915129",""
"map.html","st-vincent-3","St. Vincent de Paul Cemetery No. 3 — Louisa Street","Find a Grave; family photographs; and the negative result documented on John Sr.'s page.","D fetched online source","https://www.findagrave.com/cemetery/1393396",""
"map.html","greenwood","Greenwood Cemetery — the A. F. Gaiennie tomb","Find a Grave memorials 63452655, 63452656, 34208483, 137366059 and 63452654; New Orleans Public Library Obituary Index for the death dates and notice citations. The tomb itself has not been located within the cemetery, so the pin is on the grounds.","D fetched online source","https://www.findagrave.com/memorial/63452655/numa_louis_charles-pedeaux | https://www.findagrave.com/memorial/63452654/lorraine_marie-pedeaux",""
"map.html","stvdp-no1","St. Vincent de Paul Cemetery No. 1 — Louisa Street","Find a Grave memorials 177528019, 177527347, 177526988, 127973803, 291559760, 291559780, 256882338 and 256882339. ONE WARNING WORTH KEEPING: there are two unrelated St. Vincent de Paul cemeteries in New Orleans. This family's are the Louisa Street group in the Bywater. The other is uptown on Soniat Street and has nothing to do with them.","D fetched online source","https://www.findagrave.com/memorial/177528019/bernard-henry-wellmeyer | https://www.findagrave.com/memorial/256882338/charles-emile-larmann",""
"map.html","stlouis-no2","St. Louis Cemetery No. 2","Find a Grave memorial 208703495; New Orleans Public Library Obituary Index (Times-Picayune, 26 January 1930, p. 2 col. 6) and the archdiocese's burial register, which agree on 25 January against Find a Grave's 15 January.","D fetched online source","https://www.findagrave.com/memorial/208703495/edward_hector-pedeaux",""
"map.html","cypress-grove","Cypress Grove Cemetery — 120 City Park Avenue","Obituary, ""WINSTINE — Agnes Hanley,"" New Orleans, November 1964 — the same notice that names her daughter Johanna and proved the link. Quoted in full on the field notes page.","D fetched online source","https://nolacityarchives.org/genealogy-guide/obituary-index/",""
"map.html","st-alphonsus","St. Alphonsus Church — 2030 Constance Street","Obituary, New Orleans, November 1964.","D/Z source named in prose only","no outbound link on this pin","FLAG"
"map.html","arlington","Arlington National Cemetery — section 34, grave 1964","Army Cemeteries Explorer, section 34, grave 1964.","D fetched online source","https://ancexplorer.army.mil/publicwmv/",""
"map.html","mare-island","Vallejo, California — Mare Island","United States Census, 1930 — Vallejo, Solano County, California, sheet 4A, line 38.","D/Z source named in prose only","no outbound link on this pin","FLAG"
"map.html","plattenville","Church of the Assumption, Plattenville","Diocese of Baton Rouge Catholic Church Records, vol. 3, pp. 37, 683 (first marriage) and 37, 69 (second), as abstracted by Steven A. Cormier, Acadians in Gray. Witnesses to the 1808 marriage: Pierre-Hypolite Brais, Jean-Baptiste Tojan and Isaac Landry.","D fetched online source","https://diobr.org/archives-publications | http://www.acadiansingray.com/Appendices-ATLAL-AUCOIN.htm",""
"map.html","albemarle-4th-ward","The 4th Ward, Albemarle post office","United States Census, 1860 — Assumption Parish, 4th Ward, reel M653-407, p. 29, enumerated 14 June 1860 by Louis U. Folse; USGenWeb Census Project transcription by Audrey B. Westerman. NO COORDINATE EXISTS for Albemarle Plantation in any gazetteer searched, so this pin sits on Napoleonville, the nearest reliable anchor on the same bank.","D fetched online source","http://us-census.org/pub/usgenweb/census/la/assumption/1860/pg00021.txt",""
"map.html","labadieville","Labadieville, Assumption Parish","Assumption Parish sacramental registers — see the Pedeaux entries.","D/Z source named in prose only","no outbound link on this pin","FLAG"
"map.html","buras","Buras, Plaquemines Parish","Orleans and Plaquemines records — see her page.","D/Z source named in prose only","no outbound link on this pin","FLAG"
"map.html","nairn","Nairn, Plaquemines Parish","United States Census, 1910 — Nairn, Plaquemines Parish.","D/Z source named in prose only","no outbound link on this pin","FLAG"
"map.html","brunetti-mazant","Mazant & Derbigny — Square 724, Lot A","City of New Orleans, 1934 Real Estate Tax bill no. 48051 (9-W 724), receipted November 1934 — family papers, photographed August 2026. Reproduced on John Brunetti's page. The pin is the surveyed Mazant × N. Derbigny intersection; the lot is one of its four corners, and the bill does not say which.","B transcription supplied by Kevin","no outbound link on this pin","FLAG"
"map.html","pedeaux-pirate","2212 Pirate Drive, Chalmette","Family testimony (Kevin Pedeaux, August 2026); Orleans and St. Bernard records; obituaries.","B transcription supplied by Kevin","no outbound link on this pin","FLAG"
"map.html","kevin-marquez","2905 Marquez Drive, Meraux","Family testimony (Kevin Pedeaux, August 2026).","B transcription supplied by Kevin","no outbound link on this pin","FLAG"
"map.html","long-beach","Long Beach, Mississippi","Obituary, 2013; Catholic Cemeteries burial register.","D/Z source named in prose only","no outbound link on this pin","FLAG"
index.html,johnCasparLarmann,"Marriage licence 27 Oct 1870: Johan Kasper Larmann 23 of Hanover, issue of J. C. B. Larmann; Marie Emily Mevers 23 of Pascagoula, issue of A. Mevers; witnesses Anton Mevers and C. F. Henslage","Orleans Parish marriage licence, Fourth Justice of the Peace, 27 October 1870","document image in the repo (assets/img/larmann-1870-marriage-license.jpg)","Read the licence image directly, August 2026. Supplied by Kevin Pedeaux.",VERIFIED
index.html,johnCasparLarmann,"Death act 16 Apr 1880: Charles A. Clemence Larmann, aged 3y 11m 5d, measles, d. 15 April 1880 at 710 Love Street; child of deponent John Casper Larmann and Emily Mevers; signed at foot Johann Kesper Larmann","Orleans Parish death act, Board of Health, 16 April 1880, p. 537","document image in the repo (assets/img/larmann-1880-clemence-death.jpg)","Read the act image directly, August 2026. Age computes to birth 10 May 1876, matching the Orleans birth index entry already on the page.",VERIFIED
index.html,henryBernardWellmeyer,"Buried St. Vincent de Paul Cemetery No. 1, New Orleans; d. 23 Sep 1880","Find a Grave memorial 177528019","fetched index result (URL)","Searched Find a Grave 12 Aug 2026; death date matches the Louisiana death index entry already on the page. Cemetery attribution is user-contributed, interment book not seen.",VERIFIED
index.html,henryBernardWellmeyer,"Archdiocese burial database returns only one Wellmeyer in the whole system (Hazel Joan, 1977, St. Louis)","New Orleans Catholic Cemeteries search, nolacatholiccem.discovereverafter.com","fetched index result (URL)","Searched surname Wellmeyer across all cemeteries 12 Aug 2026; 1 result. Documents the coverage gap for 19th-century St. Vincent de Paul burials.",VERIFIED
